observation_id,country,country_code,region,study_area,source,study_year,food_waste_kg_capita_year,latitude,longitude,study_scope,data_confidence,food_waste_kg_capita_month,food_waste_kg_capita_day,data_type,primary_source,source_url,coordinate_note,duplicate_check
FW001,Egypt,EGY,Northern Africa,Gharbiya,Abdallah et al. 2020,2020,182,30.875,31.033,City/region,Medium,15.166666666666666,0.4986301369863014,Observed study datapoint,UNEP Food Waste Index Report 2024,https://wedocs.unep.org/handle/20.500.11822/45230,Study-area centroid/representative coordinate; not household-level GPS,Unique in extracted table
FW002,Egypt,EGY,Northern Africa,Asyout,Abdallah et al. 2020,2020,122,27.18,31.185,City/region,Medium,10.166666666666666,0.33424657534246577,Observed study datapoint,UNEP Food Waste Index Report 2024,https://wedocs.unep.org/handle/20.500.11822/45230,Study-area centroid/representative coordinate; not household-level GPS,Unique in extracted table
FW003,Egypt,EGY,Northern Africa,Kafr El-Sheikh,Abdallah et al. 2020,2020,185,31.11,30.94,City/region,Medium,15.416666666666666,0.5068493150684932,Observed study datapoint,UNEP Food Waste Index Report 2024,https://wedocs.unep.org/handle/20.500.11822/45230,Study-area centroid/representative coordinate; not household-level GPS,Unique in extracted table
FW004,Egypt,EGY,Northern Africa,Qena,Abdallah et al. 2020,2020,207,26.155,32.716,City/region,Medium,17.25,0.5671232876712329,Observed study datapoint,UNEP Food Waste Index Report 2024,https://wedocs.unep.org/handle/20.500.11822/45230,Study-area centroid/representative coordinate; not household-level GPS,Unique in extracted table
FW005,Egypt,EGY,Northern Africa,Alexandria,UN-Habitat 2022a,2022,142,31.2,29.918,City,Medium,11.833333333333334,0.38904109589041097,Observed study datapoint,UNEP Food Waste Index Report 2024,https://wedocs.unep.org/handle/20.500.11822/45230,Study-area centroid/representative coordinate; not household-level GPS,Unique in extracted table
FW006,Egypt,EGY,Northern Africa,Dakahlia,UN-Habitat unpublished,,139,31.04,31.38,Governorate,Medium,11.583333333333334,0.38082191780821917,Observed study datapoint,UNEP Food Waste Index Report 2024,https://wedocs.unep.org/handle/20.500.11822/45230,Study-area centroid/representative coordinate; not household-level GPS,Unique in extracted table
FW007,Libya,LBY,Northern Africa,Tripoli City,Moftah et al. 2016,2016,84,32.887,13.192,City,Medium,7.0,0.23013698630136986,Observed study datapoint,UNEP Food Waste Index Report 2024,https://wedocs.unep.org/handle/20.500.11822/45230,Study-area centroid/representative coordinate; not household-level GPS,Unique in extracted table
FW008,Tunisia,TUN,Northern Africa,Sousse,UN-Habitat 2021b,2021,172,35.825,10.637,City,Medium,14.333333333333334,0.4712328767123288,Observed study datapoint,UNEP Food Waste Index Report 2024,https://wedocs.unep.org/handle/20.500.11822/45230,Study-area centroid/representative coordinate; not household-level GPS,Unique in extracted table
FW009,Botswana,BWA,Sub-Saharan Africa,"Extension 7 Suburb, Palapye",Letshwenyo and Kgetseyamore 2020,2020,71,-22.546,27.126,Suburb,Medium,5.916666666666667,0.19452054794520549,Observed study datapoint,UNEP Food Waste Index Report 2024,https://wedocs.unep.org/handle/20.500.11822/45230,Study-area centroid/representative coordinate; not household-level GPS,Unique in extracted table
FW010,Botswana,BWA,Sub-Saharan Africa,Palapye,Dikole and Letshwenyo 2020,2020,30,-22.546,27.126,Town,Medium,2.5,0.0821917808219178,Observed study datapoint,UNEP Food Waste Index Report 2024,https://wedocs.unep.org/handle/20.500.11822/45230,Study-area centroid/representative coordinate; not household-level GPS,Unique in extracted table
FW011,Democratic Republic of the Congo,COD,Sub-Saharan Africa,Bukavu,UN-Habitat 2021c,2021,62,-2.51,28.86,City,Medium,5.166666666666667,0.16986301369863013,Observed study datapoint,UNEP Food Waste Index Report 2024,https://wedocs.unep.org/handle/20.500.11822/45230,Study-area centroid/representative coordinate; not household-level GPS,Unique in extracted table
FW012,Ethiopia,ETH,Sub-Saharan Africa,"Laga Tafo Laga Dadi town, Oromia",Assefa 2017,2017,92,9.0,38.92,Town,Medium,7.666666666666667,0.25205479452054796,Observed study datapoint,UNEP Food Waste Index Report 2024,https://wedocs.unep.org/handle/20.500.11822/45230,Study-area centroid/representative coordinate; not household-level GPS,Unique in extracted table
FW013,Ethiopia,ETH,Sub-Saharan Africa,Shone Town,Balilo et al. 2023,2023,37,7.7,37.0,Town,Medium,3.0833333333333335,0.10136986301369863,Observed study datapoint,UNEP Food Waste Index Report 2024,https://wedocs.unep.org/handle/20.500.11822/45230,Study-area centroid/representative coordinate; not household-level GPS,Unique in extracted table
FW014,Ethiopia,ETH,Sub-Saharan Africa,Addis Ababa,JICA 2022,2022,93,9.033,38.75,City,Medium,7.75,0.2547945205479452,Observed study datapoint,UNEP Food Waste Index Report 2024,https://wedocs.unep.org/handle/20.500.11822/45230,Study-area centroid/representative coordinate; not household-level GPS,Unique in extracted table
FW015,Ethiopia,ETH,Sub-Saharan Africa,Addis Ababa,UN-Habitat 2021d,2021,62,9.033,38.75,City,Medium,5.166666666666667,0.16986301369863013,Observed study datapoint,UNEP Food Waste Index Report 2024,https://wedocs.unep.org/handle/20.500.11822/45230,Study-area centroid/representative coordinate; not household-level GPS,Unique in extracted table
FW016,Ethiopia,ETH,Sub-Saharan Africa,Bahir Dar,UN-Habitat 2021e,2021,62,11.574,37.361,City,Medium,5.166666666666667,0.16986301369863013,Observed study datapoint,UNEP Food Waste Index Report 2024,https://wedocs.unep.org/handle/20.500.11822/45230,Study-area centroid/representative coordinate; not household-level GPS,Unique in extracted table
FW017,Ghana,GHA,Sub-Saharan Africa,Nationwide,Miezah et al. 2015,2015,84,7.9465,-1.0232,National,High,7.0,0.23013698630136986,Observed study datapoint,UNEP Food Waste Index Report 2024,https://wedocs.unep.org/handle/20.500.11822/45230,Study-area centroid/representative coordinate; not household-level GPS,Unique in extracted table
FW018,Kenya,KEN,Sub-Saharan Africa,Nairobi,JICA 2010,2010,100,-1.286,36.817,City,Medium,8.333333333333334,0.273972602739726,Observed study datapoint,UNEP Food Waste Index Report 2024,https://wedocs.unep.org/handle/20.500.11822/45230,Study-area centroid/representative coordinate; not household-level GPS,Unique in extracted table
FW019,Kenya,KEN,Sub-Saharan Africa,Nairobi,Takeuchi 2019,2019,99,-1.286,36.817,City,Medium,8.25,0.27123287671232876,Observed study datapoint,UNEP Food Waste Index Report 2024,https://wedocs.unep.org/handle/20.500.11822/45230,Study-area centroid/representative coordinate; not household-level GPS,Unique in extracted table
FW020,Kenya,KEN,Sub-Saharan Africa,Homa Bay,UN-Habitat 2023b,2023,40,-0.527,34.458,County/town,Medium,3.3333333333333335,0.1095890410958904,Observed study datapoint,UNEP Food Waste Index Report 2024,https://wedocs.unep.org/handle/20.500.11822/45230,Study-area centroid/representative coordinate; not household-level GPS,Unique in extracted table
FW021,Kenya,KEN,Sub-Saharan Africa,Kiambu County,UN-Habitat 2020a,2020,99,-1.171,36.835,County,Medium,8.25,0.27123287671232876,Observed study datapoint,UNEP Food Waste Index Report 2024,https://wedocs.unep.org/handle/20.500.11822/45230,Study-area centroid/representative coordinate; not household-level GPS,Unique in extracted table
FW022,Kenya,KEN,Sub-Saharan Africa,Mombasa County,UN-Habitat 2020b,2020,80,-4.043,39.668,County,Medium,6.666666666666667,0.2191780821917808,Observed study datapoint,UNEP Food Waste Index Report 2024,https://wedocs.unep.org/handle/20.500.11822/45230,Study-area centroid/representative coordinate; not household-level GPS,Unique in extracted table
FW023,Kenya,KEN,Sub-Saharan Africa,Nairobi City County,UN-Habitat 2019a,2019,91,-1.286,36.817,County,Medium,7.583333333333333,0.2493150684931507,Observed study datapoint,UNEP Food Waste Index Report 2024,https://wedocs.unep.org/handle/20.500.11822/45230,Study-area centroid/representative coordinate; not household-level GPS,Unique in extracted table
FW024,Kenya,KEN,Sub-Saharan Africa,Taita Taveta County,UN-Habitat 2022c,2022,55,-3.316,38.485,County,Medium,4.583333333333333,0.1506849315068493,Observed study datapoint,UNEP Food Waste Index Report 2024,https://wedocs.unep.org/handle/20.500.11822/45230,Study-area centroid/representative coordinate; not household-level GPS,Unique in extracted table
FW025,Nigeria,NGA,Sub-Saharan Africa,Sapele,"Orhorhoro, Ebunilo and Sadjere 2017",2017,189,5.893,5.676,Town,Medium,15.75,0.5178082191780822,Observed study datapoint,UNEP Food Waste Index Report 2024,https://wedocs.unep.org/handle/20.500.11822/45230,Study-area centroid/representative coordinate; not household-level GPS,Unique in extracted table
FW026,Nigeria,NGA,Sub-Saharan Africa,"Bida town, Niger State","Saidu, Musa and Akanbi 2022",2022,90,9.08,6.01,Town,Medium,7.5,0.2465753424657534,Observed study datapoint,UNEP Food Waste Index Report 2024,https://wedocs.unep.org/handle/20.500.11822/45230,Study-area centroid/representative coordinate; not household-level GPS,Unique in extracted table
FW027,Nigeria,NGA,Sub-Saharan Africa,Port Harcourt,Emeka et al. 2021,2021,141,4.815,7.049,City,Medium,11.75,0.3863013698630137,Observed study datapoint,UNEP Food Waste Index Report 2024,https://wedocs.unep.org/handle/20.500.11822/45230,Study-area centroid/representative coordinate; not household-level GPS,Potential duplicate
FW028,Nigeria,NGA,Sub-Saharan Africa,Jos,"Yakubu, Woodard and Aboagye-Nimo 2023",2023,50,9.896,8.858,City,Medium,4.166666666666667,0.136986301369863,Observed study datapoint,UNEP Food Waste Index Report 2024,https://wedocs.unep.org/handle/20.500.11822/45230,Study-area centroid/representative coordinate; not household-level GPS,Unique in extracted table
FW029,Nigeria,NGA,Sub-Saharan Africa,Port Harcourt,Emeka et al. 2021,2021,141,4.815,7.049,City,Medium,11.75,0.3863013698630137,Observed study datapoint,UNEP Food Waste Index Report 2024,https://wedocs.unep.org/handle/20.500.11822/45230,Study-area centroid/representative coordinate; not household-level GPS,Potential duplicate
FW030,Nigeria,NGA,Sub-Saharan Africa,Lagos,UN-Habitat 2021f,2021,69,6.524,3.379,City,Medium,5.75,0.18904109589041096,Observed study datapoint,UNEP Food Waste Index Report 2024,https://wedocs.unep.org/handle/20.500.11822/45230,Study-area centroid/representative coordinate; not household-level GPS,Unique in extracted table
FW031,Rwanda,RWA,Sub-Saharan Africa,Kigali,Mucyo 2013,2013,164,-1.944,30.062,City,Medium,13.666666666666666,0.44931506849315067,Observed study datapoint,UNEP Food Waste Index Report 2024,https://wedocs.unep.org/handle/20.500.11822/45230,Study-area centroid/representative coordinate; not household-level GPS,Unique in extracted table
FW032,Rwanda,RWA,Sub-Saharan Africa,Musanze,UN-Habitat 2023c,2023,117,-1.5,29.634,Town/district,Medium,9.75,0.32054794520547947,Observed study datapoint,UNEP Food Waste Index Report 2024,https://wedocs.unep.org/handle/20.500.11822/45230,Study-area centroid/representative coordinate; not household-level GPS,Unique in extracted table
FW033,Senegal,SEN,Sub-Saharan Africa,Dakar,UN-Habitat 2022b,2022,77,14.716,-17.467,City,Medium,6.416666666666667,0.21095890410958903,Observed study datapoint,UNEP Food Waste Index Report 2024,https://wedocs.unep.org/handle/20.500.11822/45230,Study-area centroid/representative coordinate; not household-level GPS,Unique in extracted table
FW034,Seychelles,SYC,Sub-Saharan Africa,Victoria,UN-Habitat 2019b,2019,183,-4.62,55.455,City,Medium,15.25,0.5013698630136987,Observed study datapoint,UNEP Food Waste Index Report 2024,https://wedocs.unep.org/handle/20.500.11822/45230,Study-area centroid/representative coordinate; not household-level GPS,Unique in extracted table
FW035,South Africa,ZAF,Sub-Saharan Africa,Nationwide,Nahman et al. 2012,2012,27,-30.559,22.938,National,Medium,2.25,0.07397260273972603,Observed study datapoint,UNEP Food Waste Index Report 2024,https://wedocs.unep.org/handle/20.500.11822/45230,Study-area centroid/representative coordinate; not household-level GPS,Unique in extracted table
FW036,South Africa,ZAF,Sub-Saharan Africa,Johannesburg,"Oelofse, Muswema and Ramukhwatho 2018",2018,12,-26.204,28.047,City,Medium,1.0,0.03287671232876712,Observed study datapoint,UNEP Food Waste Index Report 2024,https://wedocs.unep.org/handle/20.500.11822/45230,Study-area centroid/representative coordinate; not household-level GPS,Unique in extracted table
FW037,South Africa,ZAF,Sub-Saharan Africa,Ekurhuleni,"Oelofse, Muswema and Ramukhwatho 2018",2018,8,-26.177,28.218,Municipality,Medium,0.6666666666666666,0.021917808219178082,Observed study datapoint,UNEP Food Waste Index Report 2024,https://wedocs.unep.org/handle/20.500.11822/45230,Study-area centroid/representative coordinate; not household-level GPS,Unique in extracted table
FW038,South Africa,ZAF,Sub-Saharan Africa,Tshwane Metropolitan Municipality,Ramukhwatho 2016,2016,134,-25.747,28.229,Municipality,Medium,11.166666666666666,0.36712328767123287,Observed study datapoint,UNEP Food Waste Index Report 2024,https://wedocs.unep.org/handle/20.500.11822/45230,Study-area centroid/representative coordinate; not household-level GPS,Unique in extracted table
FW039,South Africa,ZAF,Sub-Saharan Africa,Mthatha city,Tsheleza et al. 2022,2022,34,-31.589,28.784,City,Medium,2.8333333333333335,0.09315068493150686,Observed study datapoint,UNEP Food Waste Index Report 2024,https://wedocs.unep.org/handle/20.500.11822/45230,Study-area centroid/representative coordinate; not household-level GPS,Unique in extracted table
FW040,South Africa,ZAF,Sub-Saharan Africa,Stellenbosch Local Municipality,"Nell, Schenck and De Waal 2022",2022,68,-33.932,18.86,Municipality,Medium,5.666666666666667,0.1863013698630137,Observed study datapoint,UNEP Food Waste Index Report 2024,https://wedocs.unep.org/handle/20.500.11822/45230,Study-area centroid/representative coordinate; not household-level GPS,Unique in extracted table
FW041,Uganda,UGA,Sub-Saharan Africa,Kampala,UNEP and Uganda Cleaner Production Centre 2021,2021,89,0.347,32.582,City,Medium,7.416666666666667,0.24383561643835616,Observed study datapoint,UNEP Food Waste Index Report 2024,https://wedocs.unep.org/handle/20.500.11822/45230,Study-area centroid/representative coordinate; not household-level GPS,Unique in extracted table
FW042,Uganda,UGA,Sub-Saharan Africa,Kampala,UN-Habitat unpublished,,131,0.347,32.582,City,Medium,10.916666666666666,0.3589041095890411,Observed study datapoint,UNEP Food Waste Index Report 2024,https://wedocs.unep.org/handle/20.500.11822/45230,Study-area centroid/representative coordinate; not household-level GPS,Unique in extracted table
FW043,United Republic of Tanzania,TZA,Sub-Saharan Africa,"Kinondoni Municipality, Dar es Salaam",Oberlin 2013,2013,119,-6.792,39.208,Municipality,Medium,9.916666666666666,0.32602739726027397,Observed study datapoint,UNEP Food Waste Index Report 2024,https://wedocs.unep.org/handle/20.500.11822/45230,Study-area centroid/representative coordinate; not household-level GPS,Unique in extracted table
FW044,United Republic of Tanzania,TZA,Sub-Saharan Africa,Dar es Salaam City,"Kihila, Wernsted and Kaseva 2021",2021,117,-6.792,39.208,City,Medium,9.75,0.32054794520547947,Observed study datapoint,UNEP Food Waste Index Report 2024,https://wedocs.unep.org/handle/20.500.11822/45230,Study-area centroid/representative coordinate; not household-level GPS,Unique in extracted table
FW045,United Republic of Tanzania,TZA,Sub-Saharan Africa,Dar es Salaam,UN-Habitat 2021g,2021,128,-6.792,39.208,City,Medium,10.666666666666666,0.3506849315068493,Observed study datapoint,UNEP Food Waste Index Report 2024,https://wedocs.unep.org/handle/20.500.11822/45230,Study-area centroid/representative coordinate; not household-level GPS,Unique in extracted table
FW046,United Republic of Tanzania,TZA,Sub-Saharan Africa,Iramba District,UN-Habitat 2023a,2023,245,-4.3,34.0,District,Medium,20.416666666666668,0.6712328767123288,Observed study datapoint,UNEP Food Waste Index Report 2024,https://wedocs.unep.org/handle/20.500.11822/45230,Study-area centroid/representative coordinate; not household-level GPS,Unique in extracted table
FW047,Zambia,ZMB,Sub-Saharan Africa,Ndola,"Edema, Sichamba and Ntengwe 2012",2012,78,-12.968,28.636,City,Medium,6.5,0.2136986301369863,Observed study datapoint,UNEP Food Waste Index Report 2024,https://wedocs.unep.org/handle/20.500.11822/45230,Study-area centroid/representative coordinate; not household-level GPS,Unique in extracted table
FW048,Zimbabwe,ZWE,Sub-Saharan Africa,Chitungwiza,JICA 2013b,2013,57,-17.993,31.048,City,Medium,4.75,0.15616438356164383,Observed study datapoint,UNEP Food Waste Index Report 2024,https://wedocs.unep.org/handle/20.500.11822/45230,Study-area centroid/representative coordinate; not household-level GPS,Unique in extracted table
FW049,Zimbabwe,ZWE,Sub-Saharan Africa,Harare,UN-Habitat 2021h,2021,40,-17.825,31.033,City,Medium,3.3333333333333335,0.1095890410958904,Observed study datapoint,UNEP Food Waste Index Report 2024,https://wedocs.unep.org/handle/20.500.11822/45230,Study-area centroid/representative coordinate; not household-level GPS,Unique in extracted table
